id,first_name,last_name,email,bio
1,Danielle,Johnson,danielle.johnson1@example.edu,Each cause bill scientist nation opportunity all behavior discussion own night.
2,Jennifer,Miles,jennifer.miles2@example.edu,Determine operation speak according south recently future choice whatever from behavior benefit suggest.
3,Cassandra,Roman,cassandra.roman3@example.edu,Movie win her need stop peace technology officer relate animal direction eye bag do.
4,Craig,Ramirez,craig.ramirez4@example.edu,Class great prove reduce raise author play move each left establish understand.
5,Hailey,Robinson,hailey.robinson5@example.edu,Successful simply director allow firm environment decision wall then fire pretty how.
6,Robin,Ellis,robin.ellis6@example.edu,Cause seat much section investment on gun young catch management sense.
7,Michelle,Hernandez,michelle.hernandez7@example.edu,Society instead as high you more wife team activity.
8,Jennifer,Maldonado,jennifer.maldonado8@example.edu,Seem shoulder future fall citizen about reveal rest will seven medical blood personal success medical.
9,James,Brooks,james.brooks9@example.edu,Much single morning a food affect upon these story.
10,Kyle,Brown,kyle.brown10@example.edu,Water beat magazine attorney set she campaign little near enter their institution deep much role.
11,James,Collins,james.collins11@example.edu,Just military building different full open discover detail audience piece director town.
12,Michele,Jones,michele.jones12@example.edu,Everything magazine much rich think office drug list imagine behind.
13,Donna,Gomez,donna.gomez13@example.edu,Level rock pull worker better I fund technology eat couple large instead everything.
14,John,Leblanc,john.leblanc14@example.edu,Space task better present music address behavior send door image loss ten total.
15,Franklin,Smith,franklin.smith15@example.edu,Enter six lawyer institution whatever yet new responsibility choice father why often my.
16,Julie,Brown,julie.brown16@example.edu,Live try most arm meet surface attention attack technology identify walk now often always bank price.
17,Annette,Stewart,annette.stewart17@example.edu,Daughter respond draw how public feel first sell authority leader your.
18,Wendy,Jones,wendy.jones18@example.edu,Media car give attention each expect just myself few worker.
19,Lindsay,Rice,lindsay.rice19@example.edu,Federal professional voice care break blood network evening painting response data plant enough major town.
20,Meghan,Davis,meghan.davis20@example.edu,Stop analysis four capital woman claim kind relationship night born war real chance.
21,Barry,Wood,barry.wood21@example.edu,Challenge camera final together someone team together decide economic bill sister this image per choice.
22,Sarah,Hancock,sarah.hancock22@example.edu,Thing agent say forward us soon ten specific environment.
23,Kristin,Rodriguez,kristin.rodriguez23@example.edu,Teach develop staff least figure somebody dinner.
24,Andrew,Lee,andrew.lee24@example.edu,Everything attorney significant go meeting quickly such former agree theory end oil.
25,Tonya,Johnson,tonya.johnson25@example.edu,Its rock finish paper memory history office effort remember ability understand Mrs rest score provide hair.
26,Chad,Beck,chad.beck26@example.edu,Perhaps professional by tonight medical project for recent never court professor here.
27,Kaitlin,Thompson,kaitlin.thompson27@example.edu,Feeling nature a expert involve oil pressure let kind degree list top somebody college be.
28,Zachary,Schultz,zachary.schultz28@example.edu,Behavior weight dog financial southern challenge animal worker particularly shoulder lay though.
29,Barbara,Higgins,barbara.higgins29@example.edu,Manager during prevent accept seem show blood interesting compare when military anyone eat.
30,Melinda,Bryant,melinda.bryant30@example.edu,Property write other wear through partner rest measure store natural today season listen else.
31,John,Walsh,john.walsh31@example.edu,Machine dream key require doctor from throw ball character him check degree increase former letter.
32,Bryan,Wall,bryan.wall32@example.edu,Toward once receive task she herself accept goal send table well industry section.
33,Amy,Morrison,amy.morrison33@example.edu,Major event magazine home protect something right subject try wonder.
34,Amanda,Meadows,amanda.meadows34@example.edu,North agree poor career left anyone here deep force seven here sell story edge bank affect.
35,Amber,Cooke,amber.cooke35@example.edu,Difference attention whatever American all easy stuff perform draw list boy way.
36,Steven,Scott,steven.scott36@example.edu,Cold parent security boy standard who blue agent find quality when however.
37,Jennifer,Jones,jennifer.jones37@example.edu,Drug recent feeling range south someone not American mouth product attention positive actually information majority item.
38,Michael,Snow,michael.snow38@example.edu,Religious itself safe whole establish space Mrs low itself room environmental system store beautiful.
39,Nicole,Sanchez,nicole.sanchez39@example.edu,Now property from management foot maintain great election evidence other they new might course.
40,John,Russell,john.russell40@example.edu,Serve real position make society behavior develop reality fill ok list most international second former.
